2025-12-09_16-16-55,0,draft.py:2025-12-09_16-16-55
2025-12-09_16-41-08,100,draft.py:2025-12-09_16-41-08
2025-12-09_16-41-10,100,draft.py:2025-12-09_16-41-08
2025-12-09_16-41-25,0,draft.py:2025-12-09_16-41-25
2025-12-09_16-47-51,0,draft.py:2025-12-09_16-47-51
2025-12-09_17-03-39,0,draft.py:2025-12-09_17-03-39
2025-12-09_17-07-38,0,draft.py:2025-12-09_17-07-38
2025-12-09_17-08-46,0,draft.py:2025-12-09_17-08-46
2025-12-09_17-09-29,0,draft.py:2025-12-09_17-09-29
2025-12-09_17-11-10,---,draft.py:2025-12-09_17-09-29
2025-12-09_17-11-50,---,draft.py:2025-12-09_17-09-29
