2025-12-14_07-55-27,100,draft.py:2025-12-14_07-55-27
2025-12-14_08-02-12,0,draft.py:2025-12-14_08-02-12
2025-12-14_08-02-53,0,draft.py:2025-12-14_08-02-53
2025-12-14_08-03-30,0,draft.py:2025-12-14_08-03-30
2025-12-14_08-07-37,0,draft.py:2025-12-14_08-07-37
2025-12-14_08-26-28,0,draft.py:2025-12-14_08-26-28
2025-12-14_08-28-40,0,draft.py:2025-12-14_08-26-28
2025-12-14_08-45-56,0,draft.py:2025-12-14_08-45-56
2025-12-14_08-46-19,0,draft.py:2025-12-14_08-46-19
2025-12-14_08-46-29,0,draft.py:2025-12-14_08-46-29
2025-12-14_08-51-06,0,draft.py:2025-12-14_08-51-06
2025-12-14_08-51-09,0,draft.py:2025-12-14_08-51-06
2025-12-14_08-51-28,0,draft.py:2025-12-14_08-51-28
2025-12-14_08-51-37,0,draft.py:2025-12-14_08-51-37
2025-12-14_08-52-24,0,draft.py:2025-12-14_08-52-24
2025-12-14_08-52-58,0,draft.py:2025-12-14_08-52-58
2025-12-14_08-55-41,0,draft.py:2025-12-14_08-55-41
2025-12-14_08-56-37,0,draft.py:2025-12-14_08-56-37
2025-12-14_08-57-11,---,draft.py:2025-12-14_08-56-37
2025-12-14_09-06-14,0,draft.py:2025-12-14_09-06-14
2025-12-14_09-11-08,0,draft.py:2025-12-14_09-11-08
2025-12-14_09-11-24,0,draft.py:2025-12-14_09-11-24
2025-12-14_09-11-41,0,draft.py:2025-12-14_09-11-41
2025-12-14_09-14-00,0,draft.py:2025-12-14_09-14-00
2025-12-14_09-14-34,0,draft.py:2025-12-14_09-14-34
2025-12-14_09-14-56,0,draft.py:2025-12-14_09-14-56
2025-12-14_09-27-15,0,draft.py:2025-12-14_09-27-15
2025-12-14_09-27-43,0,draft.py:2025-12-14_09-27-43
2025-12-14_09-28-05,0,draft.py:2025-12-14_09-28-05
2025-12-14_09-28-13,0,draft.py:2025-12-14_09-28-13
2025-12-14_11-01-36,0,draft.py:2025-12-14_11-01-36
2025-12-14_11-10-42,0,draft.py:2025-12-14_11-10-42
2025-12-14_11-46-49,0,draft.py:2025-12-14_11-46-49
2025-12-14_11-46-53,0,draft.py:2025-12-14_11-46-49
2025-12-14_11-46-57,0,draft.py:2025-12-14_11-46-49
2025-12-14_11-47-02,0,draft.py:2025-12-14_11-46-49
2025-12-14_11-47-06,0,draft.py:2025-12-14_11-46-49
2025-12-14_11-47-15,0,draft.py:2025-12-14_11-46-49
2025-12-14_11-52-39,0,draft.py:2025-12-14_11-52-39
2025-12-14_11-53-22,0,draft.py:2025-12-14_11-53-22
2025-12-14_11-53-24,0,draft.py:2025-12-14_11-53-22
2025-12-14_11-53-25,0,draft.py:2025-12-14_11-53-22
2025-12-14_11-53-28,0,draft.py:2025-12-14_11-53-22
2025-12-14_11-53-46,0,draft.py:2025-12-14_11-53-46
2025-12-14_11-54-06,0,draft.py:2025-12-14_11-54-06
2025-12-14_11-57-57,0,draft.py:2025-12-14_11-57-57
2025-12-14_11-58-02,0,draft.py:2025-12-14_11-57-57
2025-12-14_11-58-09,0,draft.py:2025-12-14_11-57-57
2025-12-14_12-00-51,0,draft.py:2025-12-14_12-00-51
2025-12-14_12-02-38,0,draft.py:2025-12-14_12-02-38
2025-12-14_12-03-15,0,draft.py:2025-12-14_12-03-15
2025-12-14_12-03-35,0,draft.py:2025-12-14_12-03-35
2025-12-14_12-04-16,0,draft.py:2025-12-14_12-04-16
2025-12-14_12-05-08,0,draft.py:2025-12-14_12-05-08
2025-12-14_12-06-41,0,draft.py:2025-12-14_12-06-41
2025-12-14_12-06-57,0,draft.py:2025-12-14_12-06-57
2025-12-14_12-07-46,0,draft.py:2025-12-14_12-07-46
2025-12-14_12-10-22,0,draft.py:2025-12-14_12-10-22
2025-12-14_12-11-02,0,draft.py:2025-12-14_12-11-02
2025-12-14_12-11-16,0,draft.py:2025-12-14_12-11-16
2025-12-14_15-24-09,0,draft.py:2025-12-14_12-11-16
2025-12-14_15-25-58,0,draft.py:2025-12-14_15-25-58
2025-12-14_15-32-52,0,draft.py:2025-12-14_15-32-52
2025-12-14_15-33-08,0,draft.py:2025-12-14_15-33-08
2025-12-14_15-34-38,0,draft.py:2025-12-14_15-34-38
2025-12-14_15-36-31,0,draft.py:2025-12-14_15-36-31
